Model,TN,FP,FN,TP,Recall,Precision,Specificity,Status,Status_Emoji
LightGBM,5415,7,14,4335,0.9967808691653254,0.998387839705205,0.9987089634821099,❌ UNSAFE,❌
XGBoost,5414,8,17,4332,0.996091055415038,0.9981566820276497,0.9985245296938399,❌ UNSAFE,❌
CatBoost,5411,11,22,4327,0.9949413658312256,0.9974642692485016,0.9979712283290298,❌ UNSAFE,❌
