Model,FN_Count,FN_Rate_%,FP_Count,FP_Rate_%,Total_Errors
LightGBM,14,0.3219130834674638,7,0.12910365178900773,21
XGBoost,17,0.39089445849620597,8,0.14754703061600885,25
CatBoost,22,0.5058634168774432,11,0.2028771670970122,33
