Model,F1_Mean,F1_Std,CV_Coefficient
CatBoost,0.9961748413308753,0.0004522577837110963,0.04539943842658046
LightGBM,0.9971540429545067,0.000626931623566566,0.06287209363450061
