Model,TN,FP,FN,TP,Total_Samples,FN_Rate,FP_Rate
LightGBM,5415,7,14,4335,9771,0.0032191308346746377,0.0012910365178900774
XGBoost,5414,8,17,4332,9771,0.00390894458496206,0.0014754703061600886
CatBoost,5411,11,22,4327,9771,0.005058634168774431,0.002028771670970122
