,Category,Accuracy,F1-Score,Recall,Precision,Overall_Score,Training_Time,F1_Rank,Recall_Rank,Overall_Rank
LightGBM,Advanced,0.9978507829290758,0.9975837072833966,0.9967808691653254,0.998387839705205,0.9974233985205299,15.31s,1,2,1
XGBoost,Advanced,0.9974414082488998,0.99712279894119,0.996091055415038,0.9981566820276497,0.9969168781480213,3.74s,2,3,2
CatBoost,Advanced,0.9966226588885477,0.9962012202141131,0.9949413658312256,0.9974642692485016,0.9959498882678357,83.96s,3,4,3
